Country,City,Cuisines,Average Cost for two,Currency,Aggregate rating,Restaurant ID,Restaurant Name,Country Code,Address,Locality,Locality Verbose,Longitude,Latitude,Has Table booking,Has Online delivery,Is delivering now,Switch to order menu,Price range,Rating color,Rating text,Votes
United States,Albany,"BBQ, Burger, Seafood",25,Dollar($),3.3,17284404,Austin's BBQ and Oyster Bar,216,"2820 Meredyth Dr, Albany, GA 31707",Albany,"Albany, Albany",-84.221535,31.610387,No,No,No,No,2,Orange,Average,35
United States,Albany,"American, BBQ",10,Dollar($),3.3,17284203,BJ's Country Buffet,216,"2401 Dawson Rd, Albany, GA 31707",Albany,"Albany, Albany",-84.207095,31.608743,No,No,No,No,1,Orange,Average,25
United States,Albany,Mexican,0,Dollar($),3.4,17284302,El Vaquero Mexican Restaurant,216,"2700 Dawson Rd, Albany, GA 31707",Albany,"Albany, Albany",-84.2194,31.6158,No,No,No,No,1,Orange,Average,45
United States,Albany,"Coffee and Tea, Sandwich",10,Dollar($),3.4,17284397,Elements Coffee Co - Northwest,216,"2726 Ledo Rd Ste 10, Albany, GA 31707",Albany,"Albany, Albany",-84.206944,31.622412,No,No,No,No,1,Orange,Average,26
United States,Albany,Fast Food,10,Dollar($),3.5,17284094,Chick-fil-A,216,"2703 Dawson Rd, Albany, GA 31707",Albany,"Albany, Albany",-84.2193,31.616,No,No,No,No,1,Yellow,Good,67
United States,Albany,"Asian, Chinese, Vegetarian",10,Dollar($),3.9,17284409,Guang Zhou Chinese Restaurant,216,"1214 N Westover Blvd, Albany, GA 31707",Albany,"Albany, Albany",-84.2091458,31.6155186,No,No,No,No,1,Yellow,Good,141
United States,Albany,"Pizza, Bar Food, Sandwich",25,Dollar($),3.7,17284139,Harvest Moon,216,"2347 Dawson Road, Albany, GA 31707",Albany,"Albany, Albany",-84.205718,31.604905,No,No,No,No,2,Yellow,Good,147
United States,Albany,"Steak, Tapas, Bar Food",70,Dollar($),3.5,17284403,Henry Campbell's Steakhouse,216,"629 N. Westover Blvd, Albany, GA 31707",Albany,"Albany, Albany",-84.223278,31.612121,No,No,No,No,4,Yellow,Good,51
United States,Albany,"Chinese, Seafood, Vegetarian",25,Dollar($),3.6,17284145,Hong Kong Cafe,216,"2700 Dawson Rd, Albany, GA 31707",Albany,"Albany, Albany",-84.2191,31.6156,No,No,No,No,2,Yellow,Good,88
United States,Albany,Chinese,10,Dollar($),3.8,17284150,House of China Restaurant II,216,"2526 Dawson Rd Ste A, Albany, GA 31707",Albany,"Albany, Albany",-84.212,31.6104,No,No,No,No,1,Yellow,Good,153
United States,Albany,"American, Burger, Sandwich",25,Dollar($),3.5,17284175,Locos Grill & Pub,216,"547 N Westover Blvd, Albany, GA 31707",Albany,"Albany, Albany",-84.2228,31.6077,No,No,No,No,2,Yellow,Good,57
United States,Albany,"American, Steak",25,Dollar($),3.5,17284179,Longhorn Steakhouse,216,"2733 Dawson Rd, Albany, GA 31707",Albany,"Albany, Albany",-84.2229,31.6185,No,No,No,No,2,Yellow,Good,58
United States,Albany,"Japanese, Steak, Sushi",40,Dollar($),3.6,17284197,Mikata Japanese Steakhouse,216,"2610 Dawson Rd, Albany, GA 31707",Albany,"Albany, Albany",-84.2164,31.6137,No,No,No,No,3,Yellow,Good,115
United States,Albany,"Japanese, Steak, Sushi",40,Dollar($),3.5,17284241,Shogun Japanese Steak House,216,"629 N Westover Blvd, Albany, GA 31707",Albany,"Albany, Albany",-84.2233,31.6118,No,No,No,No,3,Yellow,Good,51
United States,Albany,"Seafood, Tapas, Bar Food",40,Dollar($),3.8,17284390,The Catch Seafood Room & Oyster Bar,216,"2332 Whispering Pines Road, Albany, GA 31707",Albany,"Albany, Albany",-84.205025,31.605882,No,No,No,No,3,Yellow,Good,250
United States,Albany,"Italian, Pizza",10,Dollar($),3.7,17284279,Villa Gargano,216,"1604 N Slappey Blvd, Albany, GA 31701",Albany,"Albany, Albany",-84.1757,31.5985,No,No,No,No,1,Yellow,Good,117
United States,Albany,"American, Breakfast, Diner",10,Dollar($),3.4,17284364,3 Squares Diner,216,"202 W Franklin St, Sylvester, GA 31791",Sylvester,"Sylvester, Albany",-83.8389,31.5308,No,No,No,No,1,Orange,Average,20
UAE,Abu Dhabi,American,190,Emirati Diram(AED),4.6,18212135,Denny's,214,"Abu Dhabi Mall, Tourist Club Area (Al Zahiyah), Abu Dhabi","Abu Dhabi Mall, Tourist Club Area  (Al Zahiyah)","Abu Dhabi Mall, Tourist Club Area  (Al Zahiyah), Abu Dhabi",54.38279729,24.49550307,No,No,No,No,4,Dark Green,Excellent,207
UAE,Abu Dhabi,American,260,Emirati Diram(AED),4.6,5704255,Famous Dave's Barbecue,214,"Near The One, Level 3, Abu Dhabi Mall, Tourist Club Area (Al Zahiyah), Abu Dhabi","Abu Dhabi Mall, Tourist Club Area  (Al Zahiyah)","Abu Dhabi Mall, Tourist Club Area  (Al Zahiyah), Abu Dhabi",54.38294616,24.49569253,No,Yes,No,No,4,Dark Green,Excellent,376
UAE,Abu Dhabi,"Italian, Pizza",150,Emirati Diram(AED),4.4,5701978,Pizza Di Rocco,214,"Near Corner of Salam and Al Falah Street (9th Street), Salam Street, Al Dhafrah, Abu Dhabi",Al Dhafrah,"Al Dhafrah, Abu Dhabi",54.38193094,24.48557932,Yes,Yes,No,No,3,Green,Very Good,471
UAE,Abu Dhabi,"Turkish, Arabian, Middle Eastern",70,Emirati Diram(AED),4.3,5701729,Sofra Istanbul,214,"Next to ADNOC Petrol Station, Muroor Road, Al Dhafrah, Abu Dhabi",Al Dhafrah,"Al Dhafrah, Abu Dhabi",54.37127855,24.47756501,No,No,No,No,2,Green,Very Good,224
UAE,Abu Dhabi,"Fast Food, Burger",100,Emirati Diram(AED),4.2,5704168,Salt,214,"Inside Mushrif Park, Al Mushrif, Abu Dhabi",Al Mushrif,"Al Mushrif, Abu Dhabi",54.38080709,24.4543119,No,No,No,No,3,Green,Very Good,228
UAE,Abu Dhabi,Asian,180,Emirati Diram(AED),4.6,18277098,Genghis Grill,214,"Level 2, Al Wahda Mall New Extension, Al Wahda, Abu Dhabi","Al Wahda Mall, Al Wahda","Al Wahda Mall, Al Wahda, Abu Dhabi",54.37500816,24.47083582,No,No,No,No,4,Dark Green,Excellent,81
UAE,Abu Dhabi,"Italian, Pizza",230,Emirati Diram(AED),4.1,5701446,Olive Garden,214,"Level 3, Al Wahda Mall Extension, Al Wahda, Abu Dhabi","Al Wahda Mall, Al Wahda","Al Wahda Mall, Al Wahda, Abu Dhabi",54.37332205,24.46936983,No,No,No,No,4,Green,Very Good,422
UAE,Abu Dhabi,"Thai, Japanese, Chinese, Indonesian, Vietnamese",350,Emirati Diram(AED),4.4,5700052,Cho Gao - Crowne Plaza Abu Dhabi,214,"Crowne Plaza Abu Dhabi, Sheikh Hamdan Bin Mohammed Street, Al Markaziya, Abu Dhabi","Crowne Plaza Abu Dhabi, Al Markaziya","Crowne Plaza Abu Dhabi, Al Markaziya, Abu Dhabi",54.365694,24.491235,Yes,Yes,No,No,4,Green,Very Good,246
UAE,Abu Dhabi,"Indian, North Indian, Mughlai, Biryani",120,Emirati Diram(AED),4.0,5702418,Gazebo,214,"Ground Level, Next to E-Max, Dalma Mall, Mussafah Sanaiya, Abu Dhabi","Dalma Mall, Mussafah Sanaiya","Dalma Mall, Mussafah Sanaiya, Abu Dhabi",54.52412188,24.33421694,Yes,Yes,No,No,3,Green,Very Good,355
UAE,Abu Dhabi,"Indian, South Indian",60,Emirati Diram(AED),3.6,5700386,Sangeetha Vegetarian Restaurant,214,"Opposite Cristal Hotel, Behind KM Trading, Electra Street, Madinat Zayed, Abu Dhabi",Madinat Zayed,"Madinat Zayed, Abu Dhabi",54.36377607,24.48525254,No,Yes,No,No,2,Yellow,Good,268
UAE,Abu Dhabi,"Filipino, Japanese, Asian",100,Emirati Diram(AED),4.5,5704202,Hot Palayok,214,"Food Court, Level 2, Madinat Zayed Shopping Centre, Madinat Zayed, Abu Dhabi","Madinat Zayed Shopping Centre, Madinat Zayed ","Madinat Zayed Shopping Centre, Madinat Zayed , Abu Dhabi",54.36615754,24.48277094,No,Yes,No,No,3,Dark Green,Excellent,162
UAE,Abu Dhabi,"American, Mexican, Seafood",250,Emirati Diram(AED),4.0,5701052,Applebee's,214,"Level 3, Mushrif Mall, Al Mushrif, Abu Dhabi","Mushrif Mall, Al Mushrif","Mushrif Mall, Al Mushrif, Abu Dhabi",54.41314146,24.43409939,No,Yes,No,No,4,Green,Very Good,205
UAE,Abu Dhabi,"Pakistani, Afghani, Indian, Hyderabadi",50,Emirati Diram(AED),4.0,5704118,Tikka Tonight,214,"Behind RAK Bank, Sanaiya ME11, Mussafah Sanaiya, Abu Dhabi",Mussafah Sanaiya,"Mussafah Sanaiya, Abu Dhabi",54.51003961,24.36312973,No,Yes,No,No,2,Green,Very Good,277
UAE,Abu Dhabi,"Lebanese, Arabian, Middle Eastern",70,Emirati Diram(AED),4.0,5701548,Bait El Khetyar,214,"Al Najda Street, Najda, Abu Dhabi",Najda,"Najda, Abu Dhabi",54.37143378,24.48841145,No,Yes,No,No,2,Green,Very Good,380
UAE,Abu Dhabi,Indian,80,Emirati Diram(AED),4.3,18235425,Indian By Nature,214,"Shop 2-3, Tolico Building, Behind Lebanese Roastery, Near National Hospital, Najda, Abu Dhabi",Najda,"Najda, Abu Dhabi",54.37324997,24.48959102,Yes,Yes,No,No,3,Green,Very Good,180
UAE,Abu Dhabi,"Indian, North Indian, Chinese",100,Emirati Diram(AED),4.0,5702615,Via Delhi,214,"Near First Flight Couriers, Behind ADNOC Head Office, Salam Street, Najda Area, Najda, Abu Dhabi",Najda,"Najda, Abu Dhabi",54.37422059,24.49089202,No,Yes,No,No,3,Green,Very Good,525
UAE,Abu Dhabi,"Indian, North Indian",330,Emirati Diram(AED),4.9,5703500,Punjab Grill,214,"Venetian Village, Ritz Carlton Abu Dhabi, Grand Canal, Al Maqtaa, Abu Dhabi","Venetian Village, Al Maqtaa","Venetian Village, Al Maqtaa, Abu Dhabi",54.4872137,24.4106148,Yes,No,No,No,4,Dark Green,Excellent,216
UAE,Abu Dhabi,Indian,500,Emirati Diram(AED),4.7,18253896,Tamba,214,"6th Floor, World Trade Centre Mall, Al Markaziya, Abu Dhabi","World Trade Center Mall, Al Markaziya","World Trade Center Mall, Al Markaziya, Abu Dhabi",54.358147,24.488161,Yes,No,No,No,4,Dark Green,Excellent,201
UAE,Abu Dhabi,Chinese,250,Emirati Diram(AED),4.2,5701917,P.F. Chang's,214,"Level 1, World Trade Center Mall, Central Market, Al Markaziya, Abu Dhabi","World Trade Center Mall, Al Markaziya","World Trade Center Mall, Al Markaziya, Abu Dhabi",54.35782894,24.48761082,No,No,No,No,4,Green,Very Good,435
UAE,Abu Dhabi,"American, Desserts",200,Emirati Diram(AED),4.6,5702574,The Cheesecake Factory,214,"Level 1, Yas Mall, Yas Leisure Dr, Yas Island, Abu Dhabi","Yas Mall, Yas Island","Yas Mall, Yas Island, Abu Dhabi",54.60685361,24.49053138,No,No,No,No,4,Dark Green,Excellent,586
India,Agra,"North Indian, Mughlai",850,Indian Rupees(Rs.),3.9,3400025,Jahanpanah,1,"E 23, Shopping Arcade, Sadar Bazaar, Agra Cantt, Agra",Agra Cantt,"Agra Cantt, Agra",78.01154444,27.16166111,No,No,No,No,3,Yellow,Good,140
India,Agra,"North Indian, Mughlai",700,Indian Rupees(Rs.),3.5,3400341,Rangrezz Restaurant,1,"E-20, Shopping Arcade, Sadar Bazaar, Agra Cantt, Agra",Agra Cantt,"Agra Cantt, Agra",0.0,0.0,No,No,No,No,2,Yellow,Good,71
India,Agra,North Indian,500,Indian Rupees(Rs.),3.6,3400005,Time2Eat - Mama Chicken,1,"Main Market, Sadar Bazaar, Agra Cantt, Agra",Agra Cantt,"Agra Cantt, Agra",78.01160797,27.16083249,No,No,No,No,2,Yellow,Good,94
India,Agra,Rajasthani,400,Indian Rupees(Rs.),4.0,3400021,Chokho Jeeman Marwari Jain Bhojanalya,1,"1/48, Delhi Gate, Station Road, Raja Mandi, Civil Lines, Agra",Civil Lines,"Civil Lines, Agra",77.99809167,27.19592778,No,No,No,No,2,Green,Very Good,87
India,Agra,"North Indian, Chinese, Mughlai",1000,Indian Rupees(Rs.),4.2,3400017,Pinch Of Spice,1,"23/453, Opposite Sanjay Cinema, Wazipura Road, Sanjay Place, Civil Lines, Agra",Civil Lines,"Civil Lines, Agra",78.00755278,27.201725,No,No,No,No,3,Green,Very Good,177
India,Agra,"North Indian, European",2000,Indian Rupees(Rs.),4.0,3400325,MoMo Cafe,1,"Courtyard by Marriott Agra, Phase 2, Fatehabad Road, Tajganj, Agra","Courtyard by Marriott Agra, Tajganj","Courtyard by Marriott Agra, Tajganj, Agra",0.0,0.0,No,No,No,No,4,Green,Very Good,45
India,Agra,"North Indian, Mughlai",2500,Indian Rupees(Rs.),4.3,3400059,Peshawri - ITC Mughal,1,"ITC Mughal, Fatehabad Road, Tajganj, Agra","ITC Mughal, Tajganj","ITC Mughal, Tajganj, Agra",78.044095,27.160934,No,No,No,No,4,Green,Very Good,133
India,Agra,Mughlai,2500,Indian Rupees(Rs.),4.0,3400060,Taj Bano - ITC Mughal,1,"ITC Mughal, Fatehabad Road, Tajganj, Agra","ITC Mughal, Tajganj","ITC Mughal, Tajganj, Agra",78.044095,27.160934,No,No,No,No,4,Green,Very Good,41
India,Agra,"Rajasthani, Gujarati, Mughlai",800,Indian Rupees(Rs.),3.6,3400348,G Thal,1,"3/20, KPS Tower, Near Tulsi Talkies, Bypass Road, Khandari, Agra",Khandari,"Khandari, Agra",0.0,0.0,No,No,No,No,3,Yellow,Good,59
India,Agra,"North Indian, Mughlai",3600,Indian Rupees(Rs.),3.8,3400072,Dawat-e-Nawab - Radisson Blu,1,"Radisson Blu, Taj East Gate Road, Tajganj, Agra","Radisson Blu, Tajganj","Radisson Blu, Tajganj, Agra",78.057044,27.163303,No,No,No,No,4,Yellow,Good,46
India,Agra,"North Indian, Chinese, Continental",0,Indian Rupees(Rs.),3.9,3400073,The Latitude - Radisson Blu,1,"Radisson Blu, Taj East Gate Road, Tajganj, Agra","Radisson Blu, Tajganj","Radisson Blu, Tajganj, Agra",78.057044,27.163303,No,No,No,No,1,Yellow,Good,103
India,Agra,"South Indian, Desserts",550,Indian Rupees(Rs.),4.1,3400019,Dasaprakash Restaurant,1,"Meher Cinema Complex, Gwalior Road, Rakabganj, Agra",Rakabganj,"Rakabganj, Agra",78.01505278,27.16510833,No,No,No,No,2,Green,Very Good,121
India,Agra,"North Indian, Chinese, Continental, Mughlai",1100,Indian Rupees(Rs.),3.4,3400033,The Charcoal Chimney,1,"Hotel Samovar, Fatehabad Road, Tajganj, Agra",Tajganj,"Tajganj, Agra",78.04299,27.159795,No,No,No,No,3,Orange,Average,70
India,Agra,"Cafe, North Indian, Chinese",0,Indian Rupees(Rs.),4.9,3400346,Sheroes Hangout,1,"Opposite The Gateway Hotel, Fatehabad Road, Tajganj, Agra",Tajganj,"Tajganj, Agra",78.040165,27.16185,No,No,No,No,1,Dark Green,Excellent,77
India,Agra,"North Indian, Chinese, Continental",1500,Indian Rupees(Rs.),3.8,3400350,Bon Barbecue,1,"Parador Hotel, 3A-3B, Phase 1, Fatehabad Road, Taj Nagri, Tajganj, Agra",Tajganj,"Tajganj, Agra",0.0,0.0,No,No,No,No,4,Yellow,Good,57
India,Agra,"Cafe, Italian, Mexican, North Indian, Continental",0,Indian Rupees(Rs.),3.9,3400391,Chapter 1 Cafe,1,"1374 K/1375 K, 2nd floor, Dinesh Nagar, Fatehbad Road, Tajganj, Agra",Tajganj,"Tajganj, Agra",0.0,0.0,No,No,No,No,1,Yellow,Good,98
India,Agra,"North Indian, Mughlai",900,Indian Rupees(Rs.),3.7,3400016,Pind Balluchi,1,"Opposite Saga Emporium, Fatehabad Road, Tajganj, Agra",Tajganj,"Tajganj, Agra",78.04725,27.15777222,No,No,No,No,3,Yellow,Good,175
India,Agra,"Italian, Pizza",700,Indian Rupees(Rs.),4.4,3400105,Pizza Hut,1,"8, Handicraft Nagar, Fatehabad Road, Tajganj, Agra",Tajganj,"Tajganj, Agra",78.03471389,27.16169444,No,No,No,No,2,Green,Very Good,134
India,Agra,"Chinese, Italian, Continental, North Indian",1000,Indian Rupees(Rs.),4.2,3400326,Tea'se Me - Rooftop Tea Boutique,1,"Near Purani Mandi Crossing,Fatehabad Road, Tajganj, Agra",Tajganj,"Tajganj, Agra",0.0,0.0,No,No,No,No,3,Green,Very Good,166
India,Agra,"North Indian, Fast Food",700,Indian Rupees(Rs.),4.1,3400392,Thaaliwala,1,"Next To ITC Mughal Hotel, Fatehabad Road, Tajganj, Agra",Tajganj,"Tajganj, Agra",78.045359,27.158822,No,No,No,No,2,Green,Very Good,168
India,Ahmedabad,"Chinese, Italian, North Indian, Mexican, Mediterranean, Thai",900,Indian Rupees(Rs.),4.2,111895,650 - The Global Kitchen,1,"Shreekunj Mandapam, Beside Golden Tulip Bunglows & Tulip Citadel, Manekbaug, Ambavadi, Ahmedabad",Ambavadi,"Ambavadi, Ahmedabad",72.5375741,23.01045111,No,No,No,No,3,Green,Very Good,1582
India,Ahmedabad,"Continental, Chinese, North Indian",1800,Indian Rupees(Rs.),3.7,110502,Patang - The Revolving Restaurant,1,"Chinubhai Tower, Nehru Bridge Corner, Ashram Road, Ahmedabad",Ashram Road,"Ashram Road, Ahmedabad",72.572009,23.0261651,No,No,No,No,4,Yellow,Good,1315
India,Ahmedabad,"Ice Cream, Desserts, Continental",300,Indian Rupees(Rs.),4.5,18396250,Huber & Holly,1,"7 B, Circle  B, Opposite Rajpath Club, Sarkhej, Gandhinagar Highway, Bodakdev, Ahmedabad",Bodakdev,"Bodakdev, Ahmedabad",72.5123947,23.0383109,No,Yes,No,No,1,Dark Green,Excellent,217
India,Ahmedabad,"North Indian, Continental, Mexican, Italian",800,Indian Rupees(Rs.),4.1,113702,@Mango,1,"Opposite Sindhu Bhawan, Bodakdev, Ahmedabad",Bodakdev,"Bodakdev, Ahmedabad",72.5017644,23.0401633,No,No,No,No,3,Green,Very Good,769
India,Ahmedabad,"Pizza, Italian, Beverages, Desserts",900,Indian Rupees(Rs.),4.3,113433,Fozzie's Pizzaiolo,1,"Ground Floor, Maruti Crystal, Opposite Rajpath Club, Service Road, Bodakdev, Ahmedabad",Bodakdev,"Bodakdev, Ahmedabad",72.5098065,23.0330688,No,Yes,No,No,3,Green,Very Good,731
India,Ahmedabad,"Pizza, Italian",500,Indian Rupees(Rs.),4.4,18438909,La Pino'z Pizza,1,"Shop 10,  Circle B, Nyay Marg, Bodakdev, Ahmedabad",Bodakdev,"Bodakdev, Ahmedabad",72.5124872,23.0382314,No,Yes,No,No,2,Green,Very Good,113
India,Ahmedabad,"Cafe, Continental, Desserts",1000,Indian Rupees(Rs.),4.4,18143128,Mocha,1,"6-9, Ground Floor, Devashish Business Park, Opposite Krishna Complex, Bodakdev, Ahmedabad",Bodakdev,"Bodakdev, Ahmedabad",72.511307,23.0318508,No,Yes,No,No,3,Green,Very Good,944
India,Ahmedabad,"North Indian, Cafe, Italian, Mexican, Continental",1000,Indian Rupees(Rs.),3.8,18438944,Blue -  Rooftop Cafe Restaurant Bistro,1,"10th Floor, Balaji Heights Buliding, Behind Tanishq Showroom, C G Road, Ahmedabad",C G Road,"C G Road, Ahmedabad",72.5570374,23.0290619,No,Yes,No,No,3,Yellow,Good,63
India,Ahmedabad,"North Indian, South Indian, Asian, Continental",1400,Indian Rupees(Rs.),3.6,110436,MoMo Cafí© - Courtyard By Marriott,1,"Courtyard By Marriott, Ramdevnagar Cross Road, Satellite, Ahmedabad","Courtyard By Marriott, Satellite","Courtyard By Marriott, Satellite, Ahmedabad",72.5115815,23.027929,No,No,No,No,3,Yellow,Good,375
India,Ahmedabad,"Desserts, Ice Cream",350,Indian Rupees(Rs.),4.6,18385201,Cryo Lab,1,"Ground Floor, Arjun Avenue, Opposite Samartheshwar Mahadev, Law Garden, Ahmedabad",Ellis Bridge,"Ellis Bridge, Ahmedabad",72.55998429,23.02874796,No,No,No,No,2,Dark Green,Excellent,166
India,Ahmedabad,"Fast Food, Street Food, South Indian",450,Indian Rupees(Rs.),4.4,110395,Swati Snacks,1,"Near Law Garden, Ellis Bridge, Ahmedabad",Ellis Bridge,"Ellis Bridge, Ahmedabad",72.55903311,23.02443364,No,No,No,No,2,Green,Very Good,697
India,Ahmedabad,"North Indian, Chinese, Continental",900,Indian Rupees(Rs.),4.3,18335583,Brick Kitchen,1,"At Five Petals Hotel & Banquets, Near Chanakyapuri Bridge, Ghatlodia, Ahmedabad",Ghatlodia,"Ghatlodia, Ahmedabad",72.5316389,23.0643038,No,No,No,No,3,Green,Very Good,325
India,Ahmedabad,"North Indian, Chinese, Continental, Desserts, Fast Food, Sandwich",600,Indian Rupees(Rs.),3.8,110237,Kabir Restaurant,1,"JB Tower, Opposite Doordarshan Kendra, Drive In Road, Gurukul, Ahmedabad",Gurukul,"Gurukul, Ahmedabad",72.5239649,23.04850469,No,Yes,No,No,2,Yellow,Good,432
India,Ahmedabad,"Italian, Fast Food",700,Indian Rupees(Rs.),4.3,113537,Puffizza,1,"103, Kairos, Opposite Mahatma Gandhi Labour Institute, Drive In Road, Gurukul, Ahmedabad",Gurukul,"Gurukul, Ahmedabad",72.53774978,23.04619268,No,Yes,No,No,2,Green,Very Good,744
India,Ahmedabad,"Cafe, Beverages, Desserts, Pizza",700,Indian Rupees(Rs.),4.0,113703,Cafe Alfresco,1,"101, Dynamic House, Vijay Cross Road, Above HDFC Bank, Opposite Child Care Hospital, Navrangpura, Ahmedabad",Navrangpura,"Navrangpura, Ahmedabad",72.5498285,23.0437235,No,Yes,No,No,2,Green,Very Good,404
India,Ahmedabad,"Cafe, Italian",600,Indian Rupees(Rs.),4.4,18385186,The Cafe Baraco,1,"34, Shribhuvan Complex, Near Memnagar Fire Station, Navrangpura, Ahmedabad",Navrangpura,"Navrangpura, Ahmedabad",72.5504755,23.0443367,No,Yes,No,No,2,Green,Very Good,317
India,Ahmedabad,"North Indian, Continental, Beverages, Italian, Burger, Healthy Food, Mediterranean",950,Indian Rupees(Rs.),4.5,113325,Nini's Kitchen,1,"12, First Floor, Camps Corner 2, Opposite Prahlad Nagar Garden, Prahlad Nagar, Ahmedabad",Prahlad Nagar,"Prahlad Nagar, Ahmedabad",72.5072645,23.0117723,No,Yes,No,No,3,Dark Green,Excellent,1138
India,Ahmedabad,"Continental, Italian, Chinese",1200,Indian Rupees(Rs.),4.1,111826,Yanki Sizzlers,1,"4, Ground Floor, Binori Ambit, Next to Renault Showroom, Thaltej Circle, Thaltej, Ahmedabad",Thaltej,"Thaltej, Ahmedabad",72.5181257,23.0534466,No,No,No,No,3,Green,Very Good,1041
India,Ahmedabad,"North Indian, Italian, Asian, South Indian",1200,Indian Rupees(Rs.),4.1,110516,The Garden Cafe - The Fern,1,"The Fern, Near Sola Overbridge, S G Highway, Sola, Ahmedabad","The Fern, Sola","The Fern, Sola, Ahmedabad",72.5222172,23.0640914,No,No,No,No,3,Green,Very Good,192
India,Ahmedabad,"Cafe, American, Continental, Armenian, Fast Food",550,Indian Rupees(Rs.),3.9,18371341,Mazzo,1,"27, Sunshine Villa, Sunrise Park Society, Vastrapur, Ahmedabad",Vastrapur,"Vastrapur, Ahmedabad",72.5281083,23.0418026,No,Yes,No,No,2,Yellow,Good,166
India,Ahmedabad,Continental,1200,Indian Rupees(Rs.),4.0,113570,Turquoise Villa,1,"Ground Floor, Shanay - 1, Near AMA, IIM Road, Vastrapur, Ahmedabad",Vastrapur,"Vastrapur, Ahmedabad",72.5434513,23.0285142,No,No,No,No,3,Green,Very Good,535
India,Allahabad,"North Indian, South Indian, Fast Food",500,Indian Rupees(Rs.),3.4,2400020,Aryan Family's Delight,1,"Ground Floor, Vinayak City Centre, Sardar Patel Marg, Civil Lines, Allahabad",Civil Lines,"Civil Lines, Allahabad",81.834502,25.454648,No,No,No,No,3,Orange,Average,57
India,Allahabad,"Cafe, Fast Food",350,Indian Rupees(Rs.),3.3,2400148,Bean Here,1,"Vinayak Pushp, 77 Elgin Road, Near Florista, Civil Lines, Allahabad",Civil Lines,"Civil Lines, Allahabad",81.83316667,25.45343611,No,No,No,No,2,Orange,Average,76
India,Allahabad,"North Indian, Street Food, Fast Food",500,Indian Rupees(Rs.),3.2,2400019,Bikanerwala,1,"2A, JMD Bhawan, Strachey Road, Civil Lines, Allahabad",Civil Lines,"Civil Lines, Allahabad",81.832616,25.451517,No,No,No,No,3,Orange,Average,51
India,Allahabad,"North Indian, Chinese",600,Indian Rupees(Rs.),3.4,2400193,Dewsis,1,"2, MG Marg, Opposite Hanuman Mandir, Civil Lines, Allahabad",Civil Lines,"Civil Lines, Allahabad",0.0,0.0,No,No,No,No,3,Orange,Average,99
India,Allahabad,"North Indian, Chinese",600,Indian Rupees(Rs.),3.4,2400027,Friends Forever,1,"13/13, Sardar Patel Marg, Civil Lines, Allahabad",Civil Lines,"Civil Lines, Allahabad",81.835585,25.457687,No,No,No,No,3,Orange,Average,83
India,Allahabad,"North Indian, South Indian, Chinese",600,Indian Rupees(Rs.),3.4,17960073,Hotel Ravisha Continental,1,"57 A, Purshottamdas Tandon Marg, Civil Lines, Allahabad",Civil Lines,"Civil Lines, Allahabad",0.0,0.0,No,No,No,No,3,Orange,Average,18
India,Allahabad,"American, Fast Food",500,Indian Rupees(Rs.),3.4,2400119,KFC,1,"P Square Mall, Civil Lines, Allahabad",Civil Lines,"Civil Lines, Allahabad",81.839744,25.449659,No,No,No,No,3,Orange,Average,58
India,Allahabad,Fast Food,400,Indian Rupees(Rs.),3.3,2400014,McDonald's,1,"Shop 4, 34-B, M G Marg, Civil Lines, Allahabad",Civil Lines,"Civil Lines, Allahabad",81.834279,25.450329,No,No,No,No,2,Orange,Average,53
India,Allahabad,"North Indian, Mughlai",800,Indian Rupees(Rs.),3.2,2400403,Pind Balluchi,1,"5-A, Sardar Patel Marg, Civil Lines, Allahabad",Civil Lines,"Civil Lines, Allahabad",0.0,0.0,No,No,No,No,3,Orange,Average,6
India,Allahabad,"Italian, Pizza",700,Indian Rupees(Rs.),3.4,2400349,Pizza Hut,1,"31/31, Sardar Patel Marg, Civil Lines, Allahabad",Civil Lines,"Civil Lines, Allahabad",0.0,0.0,No,No,No,No,3,Orange,Average,35
India,Allahabad,"Fast Food, American, Salad, Healthy Food",400,Indian Rupees(Rs.),3.4,2400279,Subway,1,"207/53, Mahatma Gandhi Marg, Civil Lines, Allahabad",Civil Lines,"Civil Lines, Allahabad",0.0,0.0,No,No,No,No,2,Orange,Average,32
India,Allahabad,"North Indian, Chinese",500,Indian Rupees(Rs.),3.2,2400017,Tandoor Restaurant,1,"17/33, Mahatama Gandhi Marg, Civil Lines, Allahabad",Civil Lines,"Civil Lines, Allahabad",81.860187,25.443994,No,No,No,No,3,Orange,Average,151
India,Allahabad,"North Indian, Chinese, Italian",0,Indian Rupees(Rs.),3.3,18317988,The BrewMaster,1,"Near Vishal Megamart, Civil Lines, Allahabad",Civil Lines,"Civil Lines, Allahabad",81.83279631,25.45164569,No,No,No,No,1,Orange,Average,49
India,Allahabad,"South Indian, Chinese",500,Indian Rupees(Rs.),3.4,2400144,The Tamarind Tree,1,"60 C, Thornhill Road, Civil Lines, Allahabad",Civil Lines,"Civil Lines, Allahabad",81.834841,25.459775,No,No,No,No,3,Orange,Average,106
India,Allahabad,"Continental, Italian",1000,Indian Rupees(Rs.),3.6,2400195,Cafe El Chico,1,"24, Mahatma Gandhi, Civil Lines, Allahabad",Civil Lines,"Civil Lines, Allahabad",81.83616667,25.44987222,No,No,No,No,4,Yellow,Good,59
India,Allahabad,North Indian,200,Indian Rupees(Rs.),3.7,2400052,Eat On,1,"Palace Compound, Near Palace Cinema, MG Marg, Civil Lines, Allahabad",Civil Lines,"Civil Lines, Allahabad",81.834236,25.450377,No,No,No,No,1,Yellow,Good,105
India,Allahabad,"North Indian, Fast Food",500,Indian Rupees(Rs.),3.5,2400016,Hot Stuff,1,"21 C, Lal Bhadhur Shastri Marg, Civil Lines, Allahabad",Civil Lines,"Civil Lines, Allahabad",81.841889,25.45235,No,No,No,No,3,Yellow,Good,105
India,Allahabad,"Desserts, Fast Food",500,Indian Rupees(Rs.),3.6,2400293,Paradise,1,"19/35, MG Marg, Civil Lines, Allahabad",Civil Lines,"Civil Lines, Allahabad",81.83168056,25.45031667,No,No,No,No,3,Yellow,Good,57
India,Allahabad,"South Indian, North Indian, Chinese, Continental",400,Indian Rupees(Rs.),3.5,2400009,Sagar Ratna,1,"3/3, Near Balson Crossing, Hashimpur Road, Tagore Town, Allahabad",Tagore Town,"Tagore Town, Allahabad",81.859682,25.457116,No,No,No,No,2,Yellow,Good,134
India,Allahabad,"Mughlai, North Indian, Chinese",800,Indian Rupees(Rs.),3.3,2400010,Moti Mahal Delux,1,"Second Floor, Vinayak City Center Mall, SP Marg, Civil Lines, Allahabad","Vinayak City Centre Mall, Civil Lines","Vinayak City Centre Mall, Civil Lines, Allahabad",81.834492,25.454697,No,No,No,No,3,Orange,Average,58
